event_id,quarter,vp_org_code,job_family,job_level,region,event_type,competing_employer,competing_offer_premium_pct,our_offer_multiplier,outcome,primary_loss_driver,counter_offer_grant_usd
OFFER2026001,2026_Q2,VP_ENT_APPS,PROD_MGMT,IC3,EU_ZURICH_MUNICH,New_Hire_Offer,Hyperion Compute,10.6,1.24,Accepted_Retained,None,0.0
OFFER2026002,2026_Q2,VP_ENT_APPS,DATA_SCI,IC1,APAC_SINGAPORE_TOKYO,New_Hire_Offer,FrontierLab AI,16.3,1.02,Declined_Lost,Level_Up_Offer,0.0
OFFER2026003,2026_Q3,VP_SEC_INTEL,CYBER_SEC_ENG,IC1,US_SEATTLE_NYC,Reactive_Counter_Offer,Aegis Cyber,40.8,1.2,Declined_Lost,Level_Up_Offer,0.0
OFFER2026004,2026_Q2,VP_SEC_INTEL,SEC_OPS,IC3,UK_LONDON,New_Hire_Offer,Aegis Cyber,9.4,1.23,Accepted_Retained,None,0.0
OFFER2026005,2026_Q1,VP_CLOUD_AI,AI_ML_ENG,IC2,APAC_SINGAPORE_TOKYO,New_Hire_Offer,Veridian Systems,34.4,1.31,Declined_Lost,Level_Up_Offer,0.0
OFFER2026006,2026_Q2,VP_SEC_INTEL,SW_ENG,IC1,US_AUSTIN_DENVER,New_Hire_Offer,FrontierLab AI,15.2,1.32,Accepted_Retained,None,0.0
OFFER2026007,2026_Q2,VP_INFRA_SRE,TECH_PROG_MGMT,IC2,US_BAY_AREA,New_Hire_Offer,Aegis Cyber,15.3,1.21,Declined_Lost,Total_Equity_Size,0.0
OFFER2026008,2026_Q3,VP_ENT_APPS,DATA_SCI,IC1,US_BAY_AREA,Reactive_Counter_Offer,Aegis Cyber,16.2,1.24,Accepted_Retained,None,315000.0
OFFER2026009,2026_Q3,VP_SEC_INTEL,SEC_OPS,IC3,UK_LONDON,Reactive_Counter_Offer,Aegis Cyber,15.3,1.34,Accepted_Retained,None,147000.0
OFFER2026010,2026_Q2,VP_ENT_APPS,UX_DESIGN,IC3,UK_LONDON,Reactive_Counter_Offer,FrontierLab AI,7.5,1.1,Accepted_Retained,None,274000.0
OFFER2026011,2026_Q3,VP_CLOUD_AI,AI_ML_ENG,IC3,US_SEATTLE_NYC,New_Hire_Offer,Veridian Systems,26.0,1.27,Accepted_Retained,None,0.0
OFFER2026012,2026_Q3,VP_INFRA_SRE,SRE_ENG,IC3,APAC_SINGAPORE_TOKYO,Reactive_Counter_Offer,Aegis Cyber,16.3,1.21,Accepted_Retained,None,222000.0
OFFER2026013,2026_Q2,VP_SEC_INTEL,CYBER_SEC_ENG,IC3,UK_LONDON,New_Hire_Offer,NovaScale Cloud,22.7,1.11,Accepted_Retained,None,0.0
OFFER2026014,2026_Q1,VP_ENT_APPS,UX_DESIGN,IC2,US_AUSTIN_DENVER,New_Hire_Offer,Veridian Systems,14.6,1.05,Accepted_Retained,None,0.0
OFFER2026015,2026_Q3,VP_CLOUD_AI,RESEARCH_SCI,IC1,US_AUSTIN_DENVER,New_Hire_Offer,Hyperion Compute,35.1,1.02,Accepted_Retained,None,0.0
OFFER2026016,2026_Q1,VP_INFRA_SRE,SRE_ENG,IC3,US_AUSTIN_DENVER,New_Hire_Offer,Aegis Cyber,16.5,1.19,Accepted_Retained,None,0.0
OFFER2026017,2026_Q3,VP_INFRA_SRE,TECH_PROG_MGMT,IC1,UK_LONDON,New_Hire_Offer,Aegis Cyber,11.6,1.25,Accepted_Retained,None,0.0
OFFER2026018,2026_Q3,VP_SEC_INTEL,SEC_OPS,IC1,UK_LONDON,Reactive_Counter_Offer,Aegis Cyber,13.9,1.42,Accepted_Retained,None,307000.0
OFFER2026019,2026_Q3,VP_ENT_APPS,UX_DESIGN,IC2,US_SEATTLE_NYC,New_Hire_Offer,Hyperion Compute,16.4,1.43,Accepted_Retained,None,0.0
OFFER2026020,2026_Q1,VP_INFRA_SRE,TECH_PROG_MGMT,IC2,UK_LONDON,New_Hire_Offer,Aegis Cyber,16.3,1.39,Accepted_Retained,None,0.0
OFFER2026021,2026_Q2,VP_SEC_INTEL,SEC_OPS,IC2,US_AUSTIN_DENVER,New_Hire_Offer,Aegis Cyber,6.1,1.21,Accepted_Retained,None,0.0
OFFER2026022,2026_Q3,VP_INFRA_SRE,SW_ENG,IC1,EU_ZURICH_MUNICH,New_Hire_Offer,FrontierLab AI,5.6,1.33,Accepted_Retained,None,0.0
OFFER2026023,2026_Q2,VP_SEC_INTEL,SW_ENG,IC2,APAC_SINGAPORE_TOKYO,New_Hire_Offer,NovaScale Cloud,14.4,1.24,Accepted_Retained,None,0.0
OFFER2026024,2026_Q2,VP_ENT_APPS,DATA_SCI,IC2,US_AUSTIN_DENVER,Reactive_Counter_Offer,NovaScale Cloud,6.7,1.44,Declined_Lost,Cashflow_Year1_Gap,0.0
OFFER2026025,2026_Q2,VP_CLOUD_AI,SW_ENG,IC2,EU_ZURICH_MUNICH,Reactive_Counter_Offer,FrontierLab AI,8.2,1.45,Accepted_Retained,None,260000.0
OFFER2026026,2026_Q3,VP_SEC_INTEL,CYBER_SEC_ENG,IC1,APAC_SINGAPORE_TOKYO,Reactive_Counter_Offer,Veridian Systems,35.7,1.45,Declined_Lost,Cashflow_Year1_Gap,0.0
OFFER2026027,2026_Q3,VP_CLOUD_AI,SW_ENG,IC2,APAC_SINGAPORE_TOKYO,Reactive_Counter_Offer,Aegis Cyber,6.0,1.21,Accepted_Retained,None,195000.0
OFFER2026028,2026_Q3,VP_CLOUD_AI,PROD_MGMT,IC2,APAC_SINGAPORE_TOKYO,New_Hire_Offer,Hyperion Compute,10.4,1.39,Accepted_Retained,None,0.0
OFFER2026029,2026_Q3,VP_SEC_INTEL,THREAT_RES,IC3,US_BAY_AREA,Reactive_Counter_Offer,NovaScale Cloud,9.5,1.17,Accepted_Retained,None,222000.0
OFFER2026030,2026_Q3,VP_CLOUD_AI,SW_ENG,IC3,APAC_SINGAPORE_TOKYO,New_Hire_Offer,NovaScale Cloud,7.3,1.22,Accepted_Retained,None,0.0
OFFER2026031,2026_Q1,VP_ENT_APPS,SW_ENG,IC2,UK_LONDON,Reactive_Counter_Offer,Veridian Systems,7.3,1.11,Accepted_Retained,None,176000.0
OFFER2026032,2026_Q1,VP_INFRA_SRE,SRE_ENG,IC2,UK_LONDON,New_Hire_Offer,Hyperion Compute,16.3,1.27,Accepted_Retained,None,0.0
OFFER2026033,2026_Q2,VP_CLOUD_AI,SW_ENG,IC2,APAC_SINGAPORE_TOKYO,New_Hire_Offer,NovaScale Cloud,8.9,1.06,Accepted_Retained,None,0.0
OFFER2026034,2026_Q2,VP_INFRA_SRE,SYS_NET_ENG,IC2,US_AUSTIN_DENVER,New_Hire_Offer,NovaScale Cloud,7.9,1.29,Declined_Lost,Level_Up_Offer,0.0
OFFER2026035,2026_Q3,VP_CLOUD_AI,PROD_MGMT,IC2,UK_LONDON,New_Hire_Offer,FrontierLab AI,17.6,1.03,Accepted_Retained,None,0.0
OFFER2026036,2026_Q3,VP_INFRA_SRE,SRE_ENG,IC1,EU_ZURICH_MUNICH,New_Hire_Offer,Aegis Cyber,17.6,1.24,Declined_Lost,Cashflow_Year1_Gap,0.0
OFFER2026037,2026_Q2,VP_ENT_APPS,UX_DESIGN,IC4,EU_ZURICH_MUNICH,Reactive_Counter_Offer,Aegis Cyber,14.0,1.27,Accepted_Retained,None,173000.0
OFFER2026038,2026_Q2,VP_CLOUD_AI,SW_ENG,IC3,APAC_SINGAPORE_TOKYO,Reactive_Counter_Offer,FrontierLab AI,17.6,1.17,Declined_Lost,Level_Up_Offer,0.0
OFFER2026039,2026_Q2,VP_CLOUD_AI,PROD_MGMT,IC2,EU_ZURICH_MUNICH,New_Hire_Offer,Veridian Systems,16.1,1.14,Accepted_Retained,None,0.0
OFFER2026040,2026_Q1,VP_CLOUD_AI,AI_ML_ENG,IC3,US_SEATTLE_NYC,Reactive_Counter_Offer,FrontierLab AI,38.8,1.06,Declined_Lost,Total_Equity_Size,0.0
OFFER2026041,2026_Q3,VP_ENT_APPS,UX_DESIGN,IC1,EU_ZURICH_MUNICH,Reactive_Counter_Offer,Veridian Systems,15.9,1.38,Accepted_Retained,None,307000.0
OFFER2026042,2026_Q2,VP_CLOUD_AI,RESEARCH_SCI,IC1,US_AUSTIN_DENVER,New_Hire_Offer,NovaScale Cloud,41.8,1.18,Accepted_Retained,None,0.0
OFFER2026043,2026_Q2,VP_INFRA_SRE,SW_ENG,IC1,APAC_SINGAPORE_TOKYO,New_Hire_Offer,NovaScale Cloud,17.4,1.02,Declined_Lost,Cashflow_Year1_Gap,0.0
OFFER2026044,2026_Q3,VP_ENT_APPS,PROD_MGMT,IC1,UK_LONDON,New_Hire_Offer,FrontierLab AI,13.0,1.18,Declined_Lost,Level_Up_Offer,0.0
OFFER2026045,2026_Q2,VP_ENT_APPS,PROD_MGMT,IC2,APAC_SINGAPORE_TOKYO,Reactive_Counter_Offer,Hyperion Compute,15.4,1.4,Accepted_Retained,None,112000.0
OFFER2026046,2026_Q2,VP_INFRA_SRE,SRE_ENG,IC1,EU_ZURICH_MUNICH,Reactive_Counter_Offer,Veridian Systems,7.0,1.31,Accepted_Retained,None,332000.0
OFFER2026047,2026_Q3,VP_CLOUD_AI,AI_ML_ENG,IC2,US_BAY_AREA,Reactive_Counter_Offer,Hyperion Compute,27.1,1.01,Declined_Lost,Total_Equity_Size,0.0
OFFER2026048,2026_Q3,VP_INFRA_SRE,SYS_NET_ENG,IC1,APAC_SINGAPORE_TOKYO,New_Hire_Offer,Veridian Systems,15.7,1.07,Accepted_Retained,None,0.0
OFFER2026049,2026_Q2,VP_CLOUD_AI,PROD_MGMT,IC2,APAC_SINGAPORE_TOKYO,New_Hire_Offer,Hyperion Compute,12.4,1.07,Accepted_Retained,None,0.0
OFFER2026050,2026_Q1,VP_INFRA_SRE,SYS_NET_ENG,IC2,APAC_SINGAPORE_TOKYO,New_Hire_Offer,FrontierLab AI,12.4,1.36,Accepted_Retained,None,0.0
OFFER2026051,2026_Q1,VP_ENT_APPS,DATA_SCI,IC1,US_SEATTLE_NYC,New_Hire_Offer,Hyperion Compute,7.6,1.02,Accepted_Retained,None,0.0
OFFER2026052,2026_Q2,VP_SEC_INTEL,SW_ENG,IC2,EU_ZURICH_MUNICH,New_Hire_Offer,NovaScale Cloud,7.5,1.05,Accepted_Retained,None,0.0
OFFER2026053,2026_Q3,VP_ENT_APPS,SW_ENG,IC1,US_SEATTLE_NYC,Reactive_Counter_Offer,FrontierLab AI,17.9,1.36,Accepted_Retained,None,86000.0
OFFER2026054,2026_Q3,VP_INFRA_SRE,TECH_PROG_MGMT,IC1,UK_LONDON,New_Hire_Offer,Veridian Systems,15.3,1.12,Accepted_Retained,None,0.0
OFFER2026055,2026_Q2,VP_SEC_INTEL,SW_ENG,IC3,UK_LONDON,New_Hire_Offer,Hyperion Compute,12.9,1.32,Accepted_Retained,None,0.0
OFFER2026056,2026_Q3,VP_CLOUD_AI,SW_ENG,IC3,APAC_SINGAPORE_TOKYO,New_Hire_Offer,Veridian Systems,10.7,1.12,Accepted_Retained,None,0.0
OFFER2026057,2026_Q2,VP_CLOUD_AI,AI_ML_ENG,IC3,US_AUSTIN_DENVER,Reactive_Counter_Offer,Aegis Cyber,21.2,1.22,Accepted_Retained,None,217000.0
OFFER2026058,2026_Q1,VP_SEC_INTEL,SEC_OPS,IC2,APAC_SINGAPORE_TOKYO,Reactive_Counter_Offer,Veridian Systems,8.1,1.3,Accepted_Retained,None,94000.0
OFFER2026059,2026_Q2,VP_INFRA_SRE,SW_ENG,IC3,US_BAY_AREA,Reactive_Counter_Offer,FrontierLab AI,16.3,1.0,Accepted_Retained,None,155000.0
OFFER2026060,2026_Q1,VP_ENT_APPS,DATA_SCI,IC3,US_BAY_AREA,Reactive_Counter_Offer,Veridian Systems,11.6,1.05,Accepted_Retained,None,275000.0
OFFER2026061,2026_Q3,VP_ENT_APPS,PROD_MGMT,IC3,EU_ZURICH_MUNICH,New_Hire_Offer,Veridian Systems,6.0,1.05,Accepted_Retained,None,0.0
OFFER2026062,2026_Q3,VP_SEC_INTEL,CYBER_SEC_ENG,IC4,US_SEATTLE_NYC,New_Hire_Offer,NovaScale Cloud,32.1,1.43,Declined_Lost,Base_Salary_Cap,0.0
OFFER2026063,2026_Q2,VP_SEC_INTEL,THREAT_RES,IC2,EU_ZURICH_MUNICH,New_Hire_Offer,NovaScale Cloud,14.5,1.36,Accepted_Retained,None,0.0
OFFER2026064,2026_Q3,VP_ENT_APPS,DATA_SCI,IC3,EU_ZURICH_MUNICH,Reactive_Counter_Offer,Hyperion Compute,9.3,1.07,Accepted_Retained,None,321000.0
OFFER2026065,2026_Q3,VP_ENT_APPS,UX_DESIGN,IC3,US_SEATTLE_NYC,New_Hire_Offer,NovaScale Cloud,16.7,1.05,Accepted_Retained,None,0.0
OFFER2026066,2026_Q3,VP_INFRA_SRE,SW_ENG,IC1,US_SEATTLE_NYC,New_Hire_Offer,Veridian Systems,10.6,1.31,Accepted_Retained,None,0.0
OFFER2026067,2026_Q2,VP_SEC_INTEL,SEC_OPS,IC3,APAC_SINGAPORE_TOKYO,New_Hire_Offer,FrontierLab AI,10.2,1.25,Accepted_Retained,None,0.0
OFFER2026068,2026_Q1,VP_SEC_INTEL,SW_ENG,IC3,EU_ZURICH_MUNICH,New_Hire_Offer,Veridian Systems,6.9,1.29,Accepted_Retained,None,0.0
OFFER2026069,2026_Q2,VP_CLOUD_AI,PROD_MGMT,IC2,US_AUSTIN_DENVER,Reactive_Counter_Offer,Aegis Cyber,7.1,1.28,Accepted_Retained,None,154000.0
OFFER2026070,2026_Q3,VP_SEC_INTEL,SW_ENG,IC1,APAC_SINGAPORE_TOKYO,New_Hire_Offer,Aegis Cyber,10.0,1.42,Declined_Lost,Base_Salary_Cap,0.0
OFFER2026071,2026_Q2,VP_SEC_INTEL,SW_ENG,IC3,APAC_SINGAPORE_TOKYO,Reactive_Counter_Offer,Veridian Systems,10.5,1.12,Accepted_Retained,None,190000.0
OFFER2026072,2026_Q2,VP_ENT_APPS,SW_ENG,IC3,APAC_SINGAPORE_TOKYO,New_Hire_Offer,FrontierLab AI,10.7,1.11,Accepted_Retained,None,0.0
OFFER2026073,2026_Q1,VP_CLOUD_AI,AI_ML_ENG,IC2,US_SEATTLE_NYC,New_Hire_Offer,Veridian Systems,19.5,1.35,Declined_Lost,Cashflow_Year1_Gap,0.0
OFFER2026074,2026_Q2,VP_CLOUD_AI,SW_ENG,IC2,APAC_SINGAPORE_TOKYO,New_Hire_Offer,NovaScale Cloud,6.9,1.34,Declined_Lost,Total_Equity_Size,0.0
OFFER2026075,2026_Q2,VP_ENT_APPS,UX_DESIGN,IC2,UK_LONDON,New_Hire_Offer,Veridian Systems,15.0,1.31,Accepted_Retained,None,0.0
OFFER2026076,2026_Q3,VP_CLOUD_AI,AI_ML_ENG,IC1,US_SEATTLE_NYC,New_Hire_Offer,Aegis Cyber,19.7,1.39,Declined_Lost,Base_Salary_Cap,0.0
OFFER2026077,2026_Q2,VP_INFRA_SRE,SYS_NET_ENG,IC3,EU_ZURICH_MUNICH,New_Hire_Offer,Hyperion Compute,9.5,1.19,Accepted_Retained,None,0.0
OFFER2026078,2026_Q3,VP_CLOUD_AI,SW_ENG,IC1,US_SEATTLE_NYC,Reactive_Counter_Offer,FrontierLab AI,10.7,1.42,Accepted_Retained,None,303000.0
OFFER2026079,2026_Q3,VP_SEC_INTEL,THREAT_RES,IC2,US_BAY_AREA,New_Hire_Offer,NovaScale Cloud,14.1,1.28,Accepted_Retained,None,0.0
OFFER2026080,2026_Q3,VP_CLOUD_AI,AI_ML_ENG,IC2,US_SEATTLE_NYC,Reactive_Counter_Offer,Aegis Cyber,35.7,1.07,Accepted_Retained,None,215000.0
OFFER2026081,2026_Q3,VP_CLOUD_AI,RESEARCH_SCI,IC4,US_AUSTIN_DENVER,Reactive_Counter_Offer,NovaScale Cloud,38.7,1.2,Declined_Lost,Level_Up_Offer,0.0
OFFER2026082,2026_Q2,VP_INFRA_SRE,SRE_ENG,IC3,UK_LONDON,New_Hire_Offer,Aegis Cyber,12.9,1.29,Accepted_Retained,None,0.0
OFFER2026083,2026_Q2,VP_ENT_APPS,PROD_MGMT,IC3,US_BAY_AREA,New_Hire_Offer,Veridian Systems,5.3,1.15,Accepted_Retained,None,0.0
OFFER2026084,2026_Q2,VP_CLOUD_AI,AI_ML_ENG,IC2,US_AUSTIN_DENVER,New_Hire_Offer,NovaScale Cloud,34.5,1.36,Declined_Lost,Total_Equity_Size,0.0
OFFER2026085,2026_Q3,VP_ENT_APPS,UX_DESIGN,IC2,UK_LONDON,Reactive_Counter_Offer,Veridian Systems,11.8,1.11,Accepted_Retained,None,291000.0
OFFER2026086,2026_Q1,VP_ENT_APPS,DATA_SCI,IC1,UK_LONDON,New_Hire_Offer,Hyperion Compute,12.6,1.01,Accepted_Retained,None,0.0
OFFER2026087,2026_Q3,VP_ENT_APPS,PROD_MGMT,IC3,US_AUSTIN_DENVER,New_Hire_Offer,NovaScale Cloud,9.0,1.19,Accepted_Retained,None,0.0
OFFER2026088,2026_Q3,VP_SEC_INTEL,SEC_OPS,IC1,UK_LONDON,Reactive_Counter_Offer,NovaScale Cloud,14.4,1.12,Declined_Lost,Cashflow_Year1_Gap,0.0
OFFER2026089,2026_Q2,VP_SEC_INTEL,SEC_OPS,IC4,APAC_SINGAPORE_TOKYO,New_Hire_Offer,FrontierLab AI,9.7,1.06,Accepted_Retained,None,0.0
OFFER2026090,2026_Q2,VP_CLOUD_AI,AI_ML_ENG,IC1,US_AUSTIN_DENVER,Reactive_Counter_Offer,Hyperion Compute,23.5,1.43,Accepted_Retained,None,145000.0
OFFER2026091,2026_Q2,VP_CLOUD_AI,SW_ENG,IC2,UK_LONDON,New_Hire_Offer,Aegis Cyber,11.1,1.18,Declined_Lost,Cashflow_Year1_Gap,0.0
OFFER2026092,2026_Q3,VP_INFRA_SRE,SYS_NET_ENG,IC1,APAC_SINGAPORE_TOKYO,New_Hire_Offer,Aegis Cyber,11.9,1.17,Accepted_Retained,None,0.0
OFFER2026093,2026_Q3,VP_INFRA_SRE,SYS_NET_ENG,IC1,US_SEATTLE_NYC,New_Hire_Offer,Aegis Cyber,5.2,1.34,Accepted_Retained,None,0.0
OFFER2026094,2026_Q2,VP_ENT_APPS,DATA_SCI,IC3,US_AUSTIN_DENVER,Reactive_Counter_Offer,Aegis Cyber,6.3,1.02,Declined_Lost,Level_Up_Offer,0.0
OFFER2026095,2026_Q2,VP_CLOUD_AI,RESEARCH_SCI,IC2,US_SEATTLE_NYC,New_Hire_Offer,Aegis Cyber,25.2,1.11,Accepted_Retained,None,0.0
OFFER2026096,2026_Q3,VP_SEC_INTEL,CYBER_SEC_ENG,IC1,UK_LONDON,Reactive_Counter_Offer,Hyperion Compute,37.4,1.44,Declined_Lost,Cashflow_Year1_Gap,0.0
OFFER2026097,2026_Q3,VP_ENT_APPS,PROD_MGMT,IC2,US_BAY_AREA,New_Hire_Offer,NovaScale Cloud,8.7,1.18,Accepted_Retained,None,0.0
OFFER2026098,2026_Q3,VP_CLOUD_AI,PROD_MGMT,IC1,EU_ZURICH_MUNICH,Reactive_Counter_Offer,FrontierLab AI,11.0,1.01,Accepted_Retained,None,309000.0
OFFER2026099,2026_Q2,VP_CLOUD_AI,PROD_MGMT,IC3,UK_LONDON,New_Hire_Offer,Aegis Cyber,11.4,1.27,Accepted_Retained,None,0.0
OFFER2026100,2026_Q2,VP_ENT_APPS,PROD_MGMT,IC2,UK_LONDON,Reactive_Counter_Offer,NovaScale Cloud,15.4,1.35,Accepted_Retained,None,259000.0
OFFER2026101,2026_Q1,VP_SEC_INTEL,SEC_OPS,IC2,US_SEATTLE_NYC,New_Hire_Offer,NovaScale Cloud,11.3,1.4,Accepted_Retained,None,0.0
OFFER2026102,2026_Q3,VP_ENT_APPS,DATA_SCI,IC1,US_BAY_AREA,New_Hire_Offer,NovaScale Cloud,7.8,1.44,Accepted_Retained,None,0.0
OFFER2026103,2026_Q2,VP_INFRA_SRE,SYS_NET_ENG,IC3,US_SEATTLE_NYC,New_Hire_Offer,FrontierLab AI,5.6,1.39,Accepted_Retained,None,0.0
OFFER2026104,2026_Q2,VP_INFRA_SRE,TECH_PROG_MGMT,IC2,EU_ZURICH_MUNICH,New_Hire_Offer,Hyperion Compute,17.0,1.32,Declined_Lost,Base_Salary_Cap,0.0
OFFER2026105,2026_Q3,VP_SEC_INTEL,CYBER_SEC_ENG,IC4,US_AUSTIN_DENVER,Reactive_Counter_Offer,FrontierLab AI,36.4,1.3,Accepted_Retained,None,259000.0
OFFER2026106,2026_Q3,VP_SEC_INTEL,THREAT_RES,IC3,APAC_SINGAPORE_TOKYO,New_Hire_Offer,Aegis Cyber,7.0,1.23,Accepted_Retained,None,0.0
OFFER2026107,2026_Q3,VP_ENT_APPS,UX_DESIGN,IC4,APAC_SINGAPORE_TOKYO,New_Hire_Offer,Hyperion Compute,17.3,1.36,Accepted_Retained,None,0.0
OFFER2026108,2026_Q3,VP_INFRA_SRE,TECH_PROG_MGMT,IC2,EU_ZURICH_MUNICH,New_Hire_Offer,NovaScale Cloud,17.4,1.07,Accepted_Retained,None,0.0
OFFER2026109,2026_Q3,VP_ENT_APPS,UX_DESIGN,IC2,US_SEATTLE_NYC,Reactive_Counter_Offer,FrontierLab AI,12.6,1.25,Declined_Lost,Total_Equity_Size,0.0
OFFER2026110,2026_Q3,VP_ENT_APPS,PROD_MGMT,IC2,US_AUSTIN_DENVER,New_Hire_Offer,Aegis Cyber,8.5,1.32,Accepted_Retained,None,0.0
OFFER2026111,2026_Q3,VP_INFRA_SRE,SYS_NET_ENG,IC2,US_AUSTIN_DENVER,New_Hire_Offer,FrontierLab AI,6.3,1.24,Accepted_Retained,None,0.0
OFFER2026112,2026_Q1,VP_ENT_APPS,SW_ENG,IC1,UK_LONDON,New_Hire_Offer,FrontierLab AI,6.9,1.37,Accepted_Retained,None,0.0
OFFER2026113,2026_Q3,VP_CLOUD_AI,RESEARCH_SCI,IC2,APAC_SINGAPORE_TOKYO,New_Hire_Offer,Aegis Cyber,30.9,1.39,Declined_Lost,Cashflow_Year1_Gap,0.0
OFFER2026114,2026_Q1,VP_ENT_APPS,DATA_SCI,IC2,US_SEATTLE_NYC,New_Hire_Offer,FrontierLab AI,11.8,1.15,Accepted_Retained,None,0.0
OFFER2026115,2026_Q1,VP_CLOUD_AI,AI_ML_ENG,IC1,UK_LONDON,New_Hire_Offer,NovaScale Cloud,18.3,1.22,Declined_Lost,Base_Salary_Cap,0.0
OFFER2026116,2026_Q2,VP_ENT_APPS,DATA_SCI,IC3,US_BAY_AREA,Reactive_Counter_Offer,FrontierLab AI,13.6,1.05,Declined_Lost,Total_Equity_Size,0.0
OFFER2026117,2026_Q3,VP_SEC_INTEL,SEC_OPS,IC1,EU_ZURICH_MUNICH,New_Hire_Offer,Hyperion Compute,11.3,1.29,Accepted_Retained,None,0.0
OFFER2026118,2026_Q1,VP_INFRA_SRE,SRE_ENG,IC2,US_BAY_AREA,New_Hire_Offer,Veridian Systems,10.1,1.13,Declined_Lost,Base_Salary_Cap,0.0
OFFER2026119,2026_Q2,VP_INFRA_SRE,SRE_ENG,IC1,APAC_SINGAPORE_TOKYO,New_Hire_Offer,Aegis Cyber,15.3,1.19,Accepted_Retained,None,0.0
OFFER2026120,2026_Q1,VP_ENT_APPS,SW_ENG,IC2,US_BAY_AREA,New_Hire_Offer,Aegis Cyber,13.9,1.31,Accepted_Retained,None,0.0
OFFER2026121,2026_Q3,VP_SEC_INTEL,SW_ENG,IC3,EU_ZURICH_MUNICH,New_Hire_Offer,Veridian Systems,14.8,1.1,Accepted_Retained,None,0.0
OFFER2026122,2026_Q2,VP_INFRA_SRE,SYS_NET_ENG,IC3,US_BAY_AREA,Reactive_Counter_Offer,Veridian Systems,5.7,1.33,Accepted_Retained,None,181000.0
OFFER2026123,2026_Q2,VP_CLOUD_AI,RESEARCH_SCI,IC2,EU_ZURICH_MUNICH,New_Hire_Offer,Hyperion Compute,18.3,1.05,Accepted_Retained,None,0.0
OFFER2026124,2026_Q2,VP_ENT_APPS,UX_DESIGN,IC1,US_SEATTLE_NYC,New_Hire_Offer,Hyperion Compute,15.2,1.08,Accepted_Retained,None,0.0
OFFER2026125,2026_Q2,VP_CLOUD_AI,RESEARCH_SCI,IC1,UK_LONDON,New_Hire_Offer,FrontierLab AI,30.2,1.12,Declined_Lost,Cashflow_Year1_Gap,0.0
OFFER2026126,2026_Q3,VP_INFRA_SRE,SW_ENG,IC1,US_AUSTIN_DENVER,New_Hire_Offer,Veridian Systems,7.5,1.29,Accepted_Retained,None,0.0
OFFER2026127,2026_Q2,VP_CLOUD_AI,PROD_MGMT,IC2,US_SEATTLE_NYC,Reactive_Counter_Offer,Aegis Cyber,11.2,1.11,Declined_Lost,Total_Equity_Size,0.0
OFFER2026128,2026_Q1,VP_ENT_APPS,SW_ENG,IC1,US_SEATTLE_NYC,Reactive_Counter_Offer,Aegis Cyber,15.5,1.41,Accepted_Retained,None,146000.0
OFFER2026129,2026_Q1,VP_CLOUD_AI,SW_ENG,IC2,APAC_SINGAPORE_TOKYO,New_Hire_Offer,Hyperion Compute,5.2,1.36,Accepted_Retained,None,0.0
OFFER2026130,2026_Q2,VP_SEC_INTEL,CYBER_SEC_ENG,IC2,UK_LONDON,New_Hire_Offer,Hyperion Compute,22.6,1.23,Declined_Lost,Cashflow_Year1_Gap,0.0
OFFER2026131,2026_Q2,VP_ENT_APPS,SW_ENG,IC1,APAC_SINGAPORE_TOKYO,New_Hire_Offer,Aegis Cyber,10.1,1.1,Accepted_Retained,None,0.0
OFFER2026132,2026_Q3,VP_ENT_APPS,UX_DESIGN,IC1,UK_LONDON,New_Hire_Offer,FrontierLab AI,10.9,1.21,Accepted_Retained,None,0.0
OFFER2026133,2026_Q3,VP_SEC_INTEL,CYBER_SEC_ENG,IC1,US_AUSTIN_DENVER,New_Hire_Offer,Aegis Cyber,33.7,1.26,Declined_Lost,Base_Salary_Cap,0.0
OFFER2026134,2026_Q2,VP_INFRA_SRE,SRE_ENG,IC2,UK_LONDON,Reactive_Counter_Offer,FrontierLab AI,7.3,1.19,Accepted_Retained,None,304000.0
OFFER2026135,2026_Q3,VP_SEC_INTEL,SW_ENG,IC3,UK_LONDON,Reactive_Counter_Offer,Aegis Cyber,9.4,1.14,Declined_Lost,Level_Up_Offer,0.0
OFFER2026136,2026_Q3,VP_CLOUD_AI,SW_ENG,IC3,UK_LONDON,Reactive_Counter_Offer,NovaScale Cloud,12.0,1.17,Declined_Lost,Level_Up_Offer,0.0
OFFER2026137,2026_Q2,VP_ENT_APPS,UX_DESIGN,IC2,UK_LONDON,New_Hire_Offer,Veridian Systems,9.7,1.4,Declined_Lost,Base_Salary_Cap,0.0
OFFER2026138,2026_Q2,VP_SEC_INTEL,CYBER_SEC_ENG,IC1,US_BAY_AREA,Reactive_Counter_Offer,Veridian Systems,25.4,1.13,Accepted_Retained,None,281000.0
OFFER2026139,2026_Q2,VP_SEC_INTEL,SW_ENG,IC2,EU_ZURICH_MUNICH,New_Hire_Offer,Hyperion Compute,10.0,1.13,Accepted_Retained,None,0.0
OFFER2026140,2026_Q2,VP_ENT_APPS,PROD_MGMT,IC4,APAC_SINGAPORE_TOKYO,New_Hire_Offer,NovaScale Cloud,12.9,1.31,Accepted_Retained,None,0.0
OFFER2026141,2026_Q3,VP_ENT_APPS,DATA_SCI,IC1,UK_LONDON,New_Hire_Offer,Veridian Systems,7.4,1.29,Accepted_Retained,None,0.0
OFFER2026142,2026_Q3,VP_SEC_INTEL,CYBER_SEC_ENG,IC1,US_SEATTLE_NYC,Reactive_Counter_Offer,Veridian Systems,33.0,1.4,Accepted_Retained,None,320000.0
OFFER2026143,2026_Q2,VP_SEC_INTEL,SW_ENG,IC2,APAC_SINGAPORE_TOKYO,New_Hire_Offer,Veridian Systems,10.3,1.22,Declined_Lost,Total_Equity_Size,0.0
OFFER2026144,2026_Q1,VP_SEC_INTEL,CYBER_SEC_ENG,IC2,US_BAY_AREA,New_Hire_Offer,Hyperion Compute,41.7,1.25,Declined_Lost,Base_Salary_Cap,0.0
OFFER2026145,2026_Q1,VP_INFRA_SRE,SW_ENG,IC2,US_BAY_AREA,New_Hire_Offer,NovaScale Cloud,7.1,1.42,Accepted_Retained,None,0.0
OFFER2026146,2026_Q3,VP_INFRA_SRE,SRE_ENG,IC3,US_SEATTLE_NYC,New_Hire_Offer,NovaScale Cloud,9.9,1.37,Accepted_Retained,None,0.0
OFFER2026147,2026_Q1,VP_CLOUD_AI,PROD_MGMT,IC2,US_AUSTIN_DENVER,Reactive_Counter_Offer,FrontierLab AI,9.5,1.15,Accepted_Retained,None,225000.0
OFFER2026148,2026_Q3,VP_SEC_INTEL,SW_ENG,IC3,EU_ZURICH_MUNICH,New_Hire_Offer,NovaScale Cloud,8.2,1.02,Accepted_Retained,None,0.0
OFFER2026149,2026_Q1,VP_SEC_INTEL,SW_ENG,IC1,EU_ZURICH_MUNICH,New_Hire_Offer,Veridian Systems,17.3,1.05,Accepted_Retained,None,0.0
OFFER2026150,2026_Q1,VP_CLOUD_AI,SW_ENG,IC1,US_AUSTIN_DENVER,Reactive_Counter_Offer,NovaScale Cloud,5.1,1.2,Accepted_Retained,None,285000.0
OFFER2026151,2026_Q2,VP_ENT_APPS,UX_DESIGN,IC2,US_BAY_AREA,New_Hire_Offer,Hyperion Compute,13.3,1.18,Accepted_Retained,None,0.0
OFFER2026152,2026_Q3,VP_INFRA_SRE,SRE_ENG,IC1,EU_ZURICH_MUNICH,Reactive_Counter_Offer,NovaScale Cloud,16.5,1.02,Accepted_Retained,None,323000.0
OFFER2026153,2026_Q2,VP_ENT_APPS,DATA_SCI,IC4,US_SEATTLE_NYC,Reactive_Counter_Offer,Veridian Systems,12.0,1.24,Accepted_Retained,None,211000.0
OFFER2026154,2026_Q3,VP_SEC_INTEL,THREAT_RES,IC3,APAC_SINGAPORE_TOKYO,New_Hire_Offer,NovaScale Cloud,12.4,1.08,Accepted_Retained,None,0.0
OFFER2026155,2026_Q1,VP_CLOUD_AI,PROD_MGMT,IC3,EU_ZURICH_MUNICH,New_Hire_Offer,Aegis Cyber,5.1,1.08,Accepted_Retained,None,0.0
OFFER2026156,2026_Q2,VP_CLOUD_AI,PROD_MGMT,IC1,US_AUSTIN_DENVER,New_Hire_Offer,FrontierLab AI,11.3,1.04,Accepted_Retained,None,0.0
OFFER2026157,2026_Q2,VP_CLOUD_AI,RESEARCH_SCI,IC2,APAC_SINGAPORE_TOKYO,Reactive_Counter_Offer,FrontierLab AI,39.3,1.16,Accepted_Retained,None,153000.0
OFFER2026158,2026_Q2,VP_SEC_INTEL,SW_ENG,IC2,EU_ZURICH_MUNICH,New_Hire_Offer,FrontierLab AI,16.5,1.06,Accepted_Retained,None,0.0
OFFER2026159,2026_Q2,VP_SEC_INTEL,SW_ENG,IC2,US_BAY_AREA,Reactive_Counter_Offer,Aegis Cyber,13.9,1.11,Accepted_Retained,None,126000.0
OFFER2026160,2026_Q3,VP_CLOUD_AI,RESEARCH_SCI,IC3,UK_LONDON,New_Hire_Offer,Veridian Systems,26.2,1.42,Declined_Lost,Total_Equity_Size,0.0
OFFER2026161,2026_Q2,VP_INFRA_SRE,SRE_ENG,IC2,US_AUSTIN_DENVER,New_Hire_Offer,Hyperion Compute,8.1,1.18,Accepted_Retained,None,0.0
OFFER2026162,2026_Q1,VP_CLOUD_AI,PROD_MGMT,IC1,US_BAY_AREA,Reactive_Counter_Offer,Aegis Cyber,12.7,1.18,Accepted_Retained,None,100000.0
OFFER2026163,2026_Q2,VP_ENT_APPS,SW_ENG,IC2,UK_LONDON,New_Hire_Offer,Aegis Cyber,6.4,1.27,Accepted_Retained,None,0.0
OFFER2026164,2026_Q2,VP_SEC_INTEL,THREAT_RES,IC1,US_SEATTLE_NYC,New_Hire_Offer,Veridian Systems,6.5,1.25,Accepted_Retained,None,0.0
OFFER2026165,2026_Q2,VP_ENT_APPS,UX_DESIGN,IC1,APAC_SINGAPORE_TOKYO,New_Hire_Offer,Veridian Systems,5.0,1.29,Accepted_Retained,None,0.0
OFFER2026166,2026_Q3,VP_INFRA_SRE,TECH_PROG_MGMT,IC2,EU_ZURICH_MUNICH,New_Hire_Offer,FrontierLab AI,17.5,1.17,Accepted_Retained,None,0.0
OFFER2026167,2026_Q3,VP_ENT_APPS,SW_ENG,IC1,US_SEATTLE_NYC,Reactive_Counter_Offer,Hyperion Compute,12.8,1.41,Accepted_Retained,None,206000.0
OFFER2026168,2026_Q3,VP_SEC_INTEL,SW_ENG,IC2,US_BAY_AREA,Reactive_Counter_Offer,Aegis Cyber,8.9,1.37,Declined_Lost,Base_Salary_Cap,0.0
OFFER2026169,2026_Q2,VP_INFRA_SRE,TECH_PROG_MGMT,IC1,EU_ZURICH_MUNICH,New_Hire_Offer,Veridian Systems,5.9,1.26,Accepted_Retained,None,0.0
OFFER2026170,2026_Q2,VP_SEC_INTEL,SEC_OPS,IC1,APAC_SINGAPORE_TOKYO,New_Hire_Offer,Hyperion Compute,16.5,1.09,Accepted_Retained,None,0.0
OFFER2026171,2026_Q1,VP_ENT_APPS,UX_DESIGN,IC2,US_AUSTIN_DENVER,Reactive_Counter_Offer,Veridian Systems,11.7,1.44,Declined_Lost,Base_Salary_Cap,0.0
OFFER2026172,2026_Q3,VP_ENT_APPS,DATA_SCI,IC1,UK_LONDON,Reactive_Counter_Offer,Aegis Cyber,11.7,1.02,Accepted_Retained,None,122000.0
OFFER2026173,2026_Q3,VP_CLOUD_AI,RESEARCH_SCI,IC1,EU_ZURICH_MUNICH,New_Hire_Offer,Aegis Cyber,29.3,1.43,Accepted_Retained,None,0.0
OFFER2026174,2026_Q2,VP_CLOUD_AI,AI_ML_ENG,IC2,US_BAY_AREA,Reactive_Counter_Offer,Hyperion Compute,29.6,1.06,Declined_Lost,Total_Equity_Size,0.0
OFFER2026175,2026_Q3,VP_SEC_INTEL,SEC_OPS,IC2,APAC_SINGAPORE_TOKYO,Reactive_Counter_Offer,NovaScale Cloud,12.7,1.1,Accepted_Retained,None,291000.0
OFFER2026176,2026_Q1,VP_INFRA_SRE,SRE_ENG,IC2,US_BAY_AREA,Reactive_Counter_Offer,Aegis Cyber,13.2,1.05,Declined_Lost,Level_Up_Offer,0.0
OFFER2026177,2026_Q2,VP_INFRA_SRE,TECH_PROG_MGMT,IC1,APAC_SINGAPORE_TOKYO,New_Hire_Offer,Hyperion Compute,7.4,1.03,Accepted_Retained,None,0.0
OFFER2026178,2026_Q3,VP_SEC_INTEL,SW_ENG,IC2,US_BAY_AREA,Reactive_Counter_Offer,FrontierLab AI,6.6,1.1,Accepted_Retained,None,344000.0
OFFER2026179,2026_Q3,VP_ENT_APPS,DATA_SCI,IC3,US_SEATTLE_NYC,New_Hire_Offer,Veridian Systems,15.8,1.29,Accepted_Retained,None,0.0
OFFER2026180,2026_Q2,VP_ENT_APPS,DATA_SCI,IC2,APAC_SINGAPORE_TOKYO,New_Hire_Offer,Hyperion Compute,6.1,1.39,Accepted_Retained,None,0.0
OFFER2026181,2026_Q2,VP_CLOUD_AI,RESEARCH_SCI,IC1,US_SEATTLE_NYC,Reactive_Counter_Offer,Hyperion Compute,23.7,1.02,Declined_Lost,Total_Equity_Size,0.0
OFFER2026182,2026_Q2,VP_INFRA_SRE,SRE_ENG,IC2,APAC_SINGAPORE_TOKYO,Reactive_Counter_Offer,FrontierLab AI,16.0,1.39,Accepted_Retained,None,254000.0
OFFER2026183,2026_Q1,VP_ENT_APPS,UX_DESIGN,IC2,UK_LONDON,New_Hire_Offer,Aegis Cyber,13.6,1.41,Accepted_Retained,None,0.0
OFFER2026184,2026_Q3,VP_INFRA_SRE,SW_ENG,IC1,EU_ZURICH_MUNICH,New_Hire_Offer,NovaScale Cloud,14.7,1.2,Accepted_Retained,None,0.0
OFFER2026185,2026_Q2,VP_ENT_APPS,PROD_MGMT,IC4,US_SEATTLE_NYC,New_Hire_Offer,Aegis Cyber,13.9,1.01,Declined_Lost,Level_Up_Offer,0.0
OFFER2026186,2026_Q2,VP_INFRA_SRE,SW_ENG,IC3,APAC_SINGAPORE_TOKYO,New_Hire_Offer,Veridian Systems,14.0,1.09,Accepted_Retained,None,0.0
OFFER2026187,2026_Q3,VP_CLOUD_AI,RESEARCH_SCI,IC1,UK_LONDON,New_Hire_Offer,Aegis Cyber,39.6,1.02,Accepted_Retained,None,0.0
OFFER2026188,2026_Q2,VP_INFRA_SRE,TECH_PROG_MGMT,IC2,US_SEATTLE_NYC,New_Hire_Offer,Hyperion Compute,5.3,1.17,Declined_Lost,Base_Salary_Cap,0.0
OFFER2026189,2026_Q3,VP_INFRA_SRE,SRE_ENG,IC1,US_AUSTIN_DENVER,New_Hire_Offer,FrontierLab AI,6.6,1.15,Accepted_Retained,None,0.0
OFFER2026190,2026_Q3,VP_CLOUD_AI,PROD_MGMT,IC3,US_AUSTIN_DENVER,Reactive_Counter_Offer,Aegis Cyber,11.5,1.43,Accepted_Retained,None,152000.0
OFFER2026191,2026_Q1,VP_CLOUD_AI,SW_ENG,IC1,APAC_SINGAPORE_TOKYO,Reactive_Counter_Offer,Aegis Cyber,10.1,1.27,Declined_Lost,Total_Equity_Size,0.0
OFFER2026192,2026_Q2,VP_ENT_APPS,PROD_MGMT,IC3,US_SEATTLE_NYC,New_Hire_Offer,Veridian Systems,5.5,1.23,Accepted_Retained,None,0.0
OFFER2026193,2026_Q3,VP_CLOUD_AI,RESEARCH_SCI,IC3,APAC_SINGAPORE_TOKYO,Reactive_Counter_Offer,Aegis Cyber,26.4,1.33,Declined_Lost,Level_Up_Offer,0.0
OFFER2026194,2026_Q2,VP_ENT_APPS,SW_ENG,IC2,UK_LONDON,New_Hire_Offer,Hyperion Compute,9.1,1.05,Declined_Lost,Base_Salary_Cap,0.0
OFFER2026195,2026_Q1,VP_SEC_INTEL,THREAT_RES,IC1,EU_ZURICH_MUNICH,New_Hire_Offer,NovaScale Cloud,10.3,1.35,Declined_Lost,Cashflow_Year1_Gap,0.0
OFFER2026196,2026_Q3,VP_SEC_INTEL,THREAT_RES,IC3,US_BAY_AREA,Reactive_Counter_Offer,Veridian Systems,16.6,1.11,Accepted_Retained,None,115000.0
OFFER2026197,2026_Q2,VP_CLOUD_AI,PROD_MGMT,IC2,US_BAY_AREA,New_Hire_Offer,Aegis Cyber,9.1,1.17,Accepted_Retained,None,0.0
OFFER2026198,2026_Q3,VP_ENT_APPS,DATA_SCI,IC2,UK_LONDON,Reactive_Counter_Offer,Aegis Cyber,7.8,1.01,Accepted_Retained,None,332000.0
OFFER2026199,2026_Q3,VP_CLOUD_AI,AI_ML_ENG,IC1,US_BAY_AREA,Reactive_Counter_Offer,Hyperion Compute,38.4,1.27,Declined_Lost,Base_Salary_Cap,0.0
OFFER2026200,2026_Q1,VP_CLOUD_AI,RESEARCH_SCI,IC1,UK_LONDON,Reactive_Counter_Offer,Hyperion Compute,31.3,1.44,Declined_Lost,Base_Salary_Cap,0.0
OFFER2026201,2026_Q2,VP_ENT_APPS,SW_ENG,IC2,APAC_SINGAPORE_TOKYO,New_Hire_Offer,Hyperion Compute,5.6,1.02,Declined_Lost,Base_Salary_Cap,0.0
OFFER2026202,2026_Q1,VP_ENT_APPS,DATA_SCI,IC3,EU_ZURICH_MUNICH,Reactive_Counter_Offer,Hyperion Compute,11.8,1.43,Accepted_Retained,None,273000.0
OFFER2026203,2026_Q2,VP_INFRA_SRE,SRE_ENG,IC3,EU_ZURICH_MUNICH,New_Hire_Offer,Aegis Cyber,13.2,1.16,Accepted_Retained,None,0.0
OFFER2026204,2026_Q3,VP_ENT_APPS,SW_ENG,IC2,US_SEATTLE_NYC,Reactive_Counter_Offer,FrontierLab AI,7.9,1.27,Declined_Lost,Level_Up_Offer,0.0
OFFER2026205,2026_Q2,VP_CLOUD_AI,SW_ENG,IC2,US_AUSTIN_DENVER,New_Hire_Offer,NovaScale Cloud,16.6,1.22,Accepted_Retained,None,0.0
OFFER2026206,2026_Q2,VP_CLOUD_AI,PROD_MGMT,IC2,EU_ZURICH_MUNICH,Reactive_Counter_Offer,Hyperion Compute,16.3,1.22,Accepted_Retained,None,107000.0
OFFER2026207,2026_Q1,VP_SEC_INTEL,SW_ENG,IC2,US_BAY_AREA,New_Hire_Offer,Veridian Systems,15.7,1.14,Accepted_Retained,None,0.0
OFFER2026208,2026_Q1,VP_CLOUD_AI,AI_ML_ENG,IC3,APAC_SINGAPORE_TOKYO,New_Hire_Offer,Veridian Systems,18.4,1.16,Declined_Lost,Level_Up_Offer,0.0
OFFER2026209,2026_Q1,VP_SEC_INTEL,SW_ENG,IC3,US_SEATTLE_NYC,New_Hire_Offer,Hyperion Compute,11.3,1.3,Accepted_Retained,None,0.0
OFFER2026210,2026_Q1,VP_CLOUD_AI,PROD_MGMT,IC2,EU_ZURICH_MUNICH,New_Hire_Offer,Veridian Systems,15.9,1.13,Accepted_Retained,None,0.0
OFFER2026211,2026_Q3,VP_SEC_INTEL,THREAT_RES,IC1,US_BAY_AREA,New_Hire_Offer,FrontierLab AI,9.9,1.15,Accepted_Retained,None,0.0
OFFER2026212,2026_Q1,VP_CLOUD_AI,AI_ML_ENG,IC4,US_AUSTIN_DENVER,Reactive_Counter_Offer,FrontierLab AI,35.9,1.25,Accepted_Retained,None,328000.0
OFFER2026213,2026_Q1,VP_INFRA_SRE,TECH_PROG_MGMT,IC2,UK_LONDON,New_Hire_Offer,Veridian Systems,9.0,1.1,Accepted_Retained,None,0.0
OFFER2026214,2026_Q2,VP_INFRA_SRE,SYS_NET_ENG,IC1,US_SEATTLE_NYC,Reactive_Counter_Offer,FrontierLab AI,12.5,1.14,Accepted_Retained,None,246000.0
OFFER2026215,2026_Q3,VP_INFRA_SRE,SRE_ENG,IC2,APAC_SINGAPORE_TOKYO,New_Hire_Offer,Hyperion Compute,12.4,1.14,Declined_Lost,Level_Up_Offer,0.0
OFFER2026216,2026_Q3,VP_SEC_INTEL,SEC_OPS,IC1,EU_ZURICH_MUNICH,New_Hire_Offer,NovaScale Cloud,11.8,1.07,Accepted_Retained,None,0.0
OFFER2026217,2026_Q1,VP_ENT_APPS,UX_DESIGN,IC2,US_AUSTIN_DENVER,New_Hire_Offer,FrontierLab AI,6.7,1.1,Accepted_Retained,None,0.0
OFFER2026218,2026_Q2,VP_ENT_APPS,SW_ENG,IC2,APAC_SINGAPORE_TOKYO,New_Hire_Offer,FrontierLab AI,6.0,1.25,Accepted_Retained,None,0.0
OFFER2026219,2026_Q3,VP_CLOUD_AI,SW_ENG,IC1,EU_ZURICH_MUNICH,Reactive_Counter_Offer,NovaScale Cloud,11.6,1.15,Accepted_Retained,None,191000.0
OFFER2026220,2026_Q2,VP_SEC_INTEL,CYBER_SEC_ENG,IC3,US_BAY_AREA,Reactive_Counter_Offer,NovaScale Cloud,29.7,1.35,Declined_Lost,Base_Salary_Cap,0.0
OFFER2026221,2026_Q3,VP_CLOUD_AI,PROD_MGMT,IC3,UK_LONDON,New_Hire_Offer,NovaScale Cloud,12.9,1.36,Accepted_Retained,None,0.0
OFFER2026222,2026_Q2,VP_ENT_APPS,PROD_MGMT,IC2,US_BAY_AREA,New_Hire_Offer,Aegis Cyber,6.9,1.38,Accepted_Retained,None,0.0
OFFER2026223,2026_Q3,VP_INFRA_SRE,SRE_ENG,IC1,UK_LONDON,New_Hire_Offer,FrontierLab AI,5.5,1.38,Accepted_Retained,None,0.0
OFFER2026224,2026_Q3,VP_CLOUD_AI,AI_ML_ENG,IC2,UK_LONDON,Reactive_Counter_Offer,Veridian Systems,40.1,1.27,Declined_Lost,Total_Equity_Size,0.0
OFFER2026225,2026_Q3,VP_SEC_INTEL,CYBER_SEC_ENG,IC2,US_BAY_AREA,New_Hire_Offer,FrontierLab AI,31.6,1.37,Declined_Lost,Total_Equity_Size,0.0
OFFER2026226,2026_Q2,VP_ENT_APPS,DATA_SCI,IC4,APAC_SINGAPORE_TOKYO,New_Hire_Offer,Aegis Cyber,10.3,1.35,Accepted_Retained,None,0.0
OFFER2026227,2026_Q2,VP_ENT_APPS,SW_ENG,IC4,US_SEATTLE_NYC,New_Hire_Offer,Aegis Cyber,14.8,1.05,Accepted_Retained,None,0.0
OFFER2026228,2026_Q2,VP_CLOUD_AI,SW_ENG,IC1,US_AUSTIN_DENVER,Reactive_Counter_Offer,NovaScale Cloud,13.3,1.26,Accepted_Retained,None,81000.0
OFFER2026229,2026_Q3,VP_ENT_APPS,DATA_SCI,IC1,US_AUSTIN_DENVER,New_Hire_Offer,Veridian Systems,15.3,1.41,Accepted_Retained,None,0.0
OFFER2026230,2026_Q2,VP_SEC_INTEL,CYBER_SEC_ENG,IC1,EU_ZURICH_MUNICH,Reactive_Counter_Offer,NovaScale Cloud,22.8,1.36,Accepted_Retained,None,286000.0
OFFER2026231,2026_Q2,VP_SEC_INTEL,SW_ENG,IC2,US_SEATTLE_NYC,Reactive_Counter_Offer,NovaScale Cloud,13.6,1.12,Accepted_Retained,None,95000.0
OFFER2026232,2026_Q3,VP_ENT_APPS,SW_ENG,IC1,UK_LONDON,New_Hire_Offer,Veridian Systems,13.0,1.2,Accepted_Retained,None,0.0
OFFER2026233,2026_Q3,VP_INFRA_SRE,SW_ENG,IC2,APAC_SINGAPORE_TOKYO,New_Hire_Offer,Veridian Systems,7.4,1.43,Accepted_Retained,None,0.0
OFFER2026234,2026_Q1,VP_CLOUD_AI,AI_ML_ENG,IC3,US_BAY_AREA,New_Hire_Offer,Hyperion Compute,28.8,1.03,Declined_Lost,Cashflow_Year1_Gap,0.0
OFFER2026235,2026_Q3,VP_ENT_APPS,DATA_SCI,IC4,UK_LONDON,New_Hire_Offer,FrontierLab AI,18.0,1.29,Accepted_Retained,None,0.0
OFFER2026236,2026_Q1,VP_ENT_APPS,DATA_SCI,IC3,US_SEATTLE_NYC,New_Hire_Offer,Hyperion Compute,17.1,1.13,Accepted_Retained,None,0.0
OFFER2026237,2026_Q3,VP_ENT_APPS,DATA_SCI,IC2,US_AUSTIN_DENVER,Reactive_Counter_Offer,Hyperion Compute,13.3,1.27,Accepted_Retained,None,217000.0
OFFER2026238,2026_Q3,VP_CLOUD_AI,PROD_MGMT,IC1,APAC_SINGAPORE_TOKYO,New_Hire_Offer,FrontierLab AI,5.7,1.36,Accepted_Retained,None,0.0
OFFER2026239,2026_Q1,VP_CLOUD_AI,AI_ML_ENG,IC2,US_SEATTLE_NYC,Reactive_Counter_Offer,Aegis Cyber,25.4,1.09,Declined_Lost,Cashflow_Year1_Gap,0.0
OFFER2026240,2026_Q1,VP_SEC_INTEL,CYBER_SEC_ENG,IC1,US_BAY_AREA,New_Hire_Offer,Veridian Systems,28.2,1.02,Declined_Lost,Cashflow_Year1_Gap,0.0
OFFER2026241,2026_Q2,VP_INFRA_SRE,SRE_ENG,IC1,US_AUSTIN_DENVER,New_Hire_Offer,Aegis Cyber,12.7,1.1,Accepted_Retained,None,0.0
OFFER2026242,2026_Q2,VP_INFRA_SRE,SYS_NET_ENG,IC2,APAC_SINGAPORE_TOKYO,New_Hire_Offer,Aegis Cyber,7.1,1.05,Accepted_Retained,None,0.0
OFFER2026243,2026_Q2,VP_CLOUD_AI,RESEARCH_SCI,IC3,US_AUSTIN_DENVER,New_Hire_Offer,FrontierLab AI,36.2,1.31,Declined_Lost,Total_Equity_Size,0.0
OFFER2026244,2026_Q3,VP_SEC_INTEL,SEC_OPS,IC4,US_SEATTLE_NYC,Reactive_Counter_Offer,FrontierLab AI,13.0,1.21,Declined_Lost,Cashflow_Year1_Gap,0.0
OFFER2026245,2026_Q3,VP_SEC_INTEL,THREAT_RES,IC4,US_AUSTIN_DENVER,Reactive_Counter_Offer,NovaScale Cloud,11.4,1.42,Accepted_Retained,None,133000.0
OFFER2026246,2026_Q3,VP_ENT_APPS,DATA_SCI,IC3,APAC_SINGAPORE_TOKYO,New_Hire_Offer,Veridian Systems,11.2,1.25,Accepted_Retained,None,0.0
OFFER2026247,2026_Q2,VP_CLOUD_AI,SW_ENG,IC3,US_SEATTLE_NYC,New_Hire_Offer,NovaScale Cloud,16.6,1.27,Accepted_Retained,None,0.0
OFFER2026248,2026_Q2,VP_SEC_INTEL,CYBER_SEC_ENG,IC2,US_AUSTIN_DENVER,New_Hire_Offer,FrontierLab AI,23.5,1.27,Accepted_Retained,None,0.0
OFFER2026249,2026_Q3,VP_CLOUD_AI,AI_ML_ENG,IC2,US_AUSTIN_DENVER,New_Hire_Offer,Veridian Systems,22.5,1.34,Declined_Lost,Base_Salary_Cap,0.0
OFFER2026250,2026_Q2,VP_ENT_APPS,DATA_SCI,IC1,EU_ZURICH_MUNICH,New_Hire_Offer,Veridian Systems,6.3,1.44,Accepted_Retained,None,0.0
OFFER2026251,2026_Q3,VP_ENT_APPS,PROD_MGMT,IC2,US_SEATTLE_NYC,New_Hire_Offer,NovaScale Cloud,6.7,1.44,Accepted_Retained,None,0.0
OFFER2026252,2026_Q3,VP_SEC_INTEL,SEC_OPS,IC4,EU_ZURICH_MUNICH,Reactive_Counter_Offer,Aegis Cyber,12.9,1.02,Accepted_Retained,None,86000.0
OFFER2026253,2026_Q1,VP_INFRA_SRE,TECH_PROG_MGMT,IC4,US_BAY_AREA,New_Hire_Offer,FrontierLab AI,15.4,1.35,Accepted_Retained,None,0.0
OFFER2026254,2026_Q2,VP_CLOUD_AI,AI_ML_ENG,IC3,UK_LONDON,New_Hire_Offer,FrontierLab AI,29.0,1.35,Declined_Lost,Cashflow_Year1_Gap,0.0
OFFER2026255,2026_Q1,VP_INFRA_SRE,SRE_ENG,IC3,US_BAY_AREA,New_Hire_Offer,Veridian Systems,13.5,1.38,Accepted_Retained,None,0.0
OFFER2026256,2026_Q1,VP_SEC_INTEL,CYBER_SEC_ENG,IC3,APAC_SINGAPORE_TOKYO,Reactive_Counter_Offer,Veridian Systems,29.5,1.42,Declined_Lost,Cashflow_Year1_Gap,0.0
OFFER2026257,2026_Q3,VP_CLOUD_AI,SW_ENG,IC2,EU_ZURICH_MUNICH,New_Hire_Offer,Hyperion Compute,8.2,1.39,Declined_Lost,Level_Up_Offer,0.0
OFFER2026258,2026_Q1,VP_ENT_APPS,DATA_SCI,IC1,US_SEATTLE_NYC,New_Hire_Offer,FrontierLab AI,11.9,1.06,Accepted_Retained,None,0.0
OFFER2026259,2026_Q2,VP_SEC_INTEL,THREAT_RES,IC3,EU_ZURICH_MUNICH,Reactive_Counter_Offer,Hyperion Compute,6.6,1.29,Accepted_Retained,None,249000.0
OFFER2026260,2026_Q1,VP_INFRA_SRE,SRE_ENG,IC1,UK_LONDON,New_Hire_Offer,FrontierLab AI,10.7,1.23,Accepted_Retained,None,0.0
OFFER2026261,2026_Q3,VP_ENT_APPS,SW_ENG,IC2,UK_LONDON,New_Hire_Offer,FrontierLab AI,6.9,1.3,Accepted_Retained,None,0.0
OFFER2026262,2026_Q3,VP_INFRA_SRE,SW_ENG,IC4,US_SEATTLE_NYC,Reactive_Counter_Offer,Veridian Systems,16.5,1.36,Accepted_Retained,None,326000.0
OFFER2026263,2026_Q2,VP_INFRA_SRE,TECH_PROG_MGMT,IC3,US_SEATTLE_NYC,New_Hire_Offer,Aegis Cyber,13.1,1.39,Accepted_Retained,None,0.0
OFFER2026264,2026_Q2,VP_INFRA_SRE,SYS_NET_ENG,IC1,EU_ZURICH_MUNICH,New_Hire_Offer,Aegis Cyber,13.9,1.43,Accepted_Retained,None,0.0
OFFER2026265,2026_Q1,VP_SEC_INTEL,SEC_OPS,IC2,US_BAY_AREA,New_Hire_Offer,NovaScale Cloud,10.5,1.32,Accepted_Retained,None,0.0
OFFER2026266,2026_Q3,VP_CLOUD_AI,SW_ENG,IC2,UK_LONDON,New_Hire_Offer,Aegis Cyber,9.5,1.35,Accepted_Retained,None,0.0
OFFER2026267,2026_Q1,VP_CLOUD_AI,PROD_MGMT,IC2,US_SEATTLE_NYC,Reactive_Counter_Offer,Veridian Systems,12.9,1.16,Accepted_Retained,None,106000.0
OFFER2026268,2026_Q1,VP_INFRA_SRE,SRE_ENG,IC3,US_AUSTIN_DENVER,Reactive_Counter_Offer,NovaScale Cloud,6.5,1.33,Accepted_Retained,None,187000.0
OFFER2026269,2026_Q3,VP_CLOUD_AI,RESEARCH_SCI,IC1,US_AUSTIN_DENVER,New_Hire_Offer,FrontierLab AI,18.2,1.16,Declined_Lost,Base_Salary_Cap,0.0
OFFER2026270,2026_Q2,VP_SEC_INTEL,THREAT_RES,IC3,EU_ZURICH_MUNICH,New_Hire_Offer,Aegis Cyber,16.1,1.16,Declined_Lost,Total_Equity_Size,0.0
OFFER2026271,2026_Q3,VP_ENT_APPS,DATA_SCI,IC1,US_BAY_AREA,New_Hire_Offer,Hyperion Compute,17.8,1.21,Accepted_Retained,None,0.0
OFFER2026272,2026_Q1,VP_INFRA_SRE,TECH_PROG_MGMT,IC1,US_AUSTIN_DENVER,New_Hire_Offer,Hyperion Compute,6.4,1.43,Declined_Lost,Level_Up_Offer,0.0
OFFER2026273,2026_Q3,VP_INFRA_SRE,SW_ENG,IC1,US_BAY_AREA,New_Hire_Offer,Aegis Cyber,8.2,1.23,Accepted_Retained,None,0.0
OFFER2026274,2026_Q3,VP_INFRA_SRE,SW_ENG,IC2,APAC_SINGAPORE_TOKYO,New_Hire_Offer,Veridian Systems,17.5,1.08,Accepted_Retained,None,0.0
OFFER2026275,2026_Q2,VP_CLOUD_AI,AI_ML_ENG,IC3,APAC_SINGAPORE_TOKYO,Reactive_Counter_Offer,Veridian Systems,22.1,1.32,Accepted_Retained,None,345000.0
OFFER2026276,2026_Q1,VP_ENT_APPS,PROD_MGMT,IC1,US_BAY_AREA,New_Hire_Offer,FrontierLab AI,10.8,1.13,Accepted_Retained,None,0.0
OFFER2026277,2026_Q3,VP_SEC_INTEL,SW_ENG,IC3,US_BAY_AREA,New_Hire_Offer,NovaScale Cloud,14.1,1.09,Accepted_Retained,None,0.0
OFFER2026278,2026_Q3,VP_SEC_INTEL,SW_ENG,IC1,EU_ZURICH_MUNICH,Reactive_Counter_Offer,Aegis Cyber,6.2,1.01,Accepted_Retained,None,178000.0
OFFER2026279,2026_Q1,VP_CLOUD_AI,AI_ML_ENG,IC2,EU_ZURICH_MUNICH,New_Hire_Offer,Veridian Systems,35.0,1.39,Declined_Lost,Total_Equity_Size,0.0
OFFER2026280,2026_Q1,VP_CLOUD_AI,AI_ML_ENG,IC1,US_BAY_AREA,Reactive_Counter_Offer,NovaScale Cloud,25.7,1.29,Accepted_Retained,None,142000.0
OFFER2026281,2026_Q1,VP_INFRA_SRE,SYS_NET_ENG,IC2,APAC_SINGAPORE_TOKYO,New_Hire_Offer,Hyperion Compute,7.7,1.2,Accepted_Retained,None,0.0
OFFER2026282,2026_Q3,VP_INFRA_SRE,SRE_ENG,IC3,US_BAY_AREA,Reactive_Counter_Offer,Hyperion Compute,10.5,1.19,Accepted_Retained,None,184000.0
OFFER2026283,2026_Q1,VP_SEC_INTEL,SW_ENG,IC1,US_SEATTLE_NYC,Reactive_Counter_Offer,Aegis Cyber,16.8,1.01,Accepted_Retained,None,107000.0
OFFER2026284,2026_Q2,VP_SEC_INTEL,SW_ENG,IC2,US_BAY_AREA,New_Hire_Offer,Veridian Systems,15.3,1.01,Accepted_Retained,None,0.0
OFFER2026285,2026_Q1,VP_ENT_APPS,SW_ENG,IC2,US_AUSTIN_DENVER,New_Hire_Offer,Hyperion Compute,7.2,1.06,Accepted_Retained,None,0.0
OFFER2026286,2026_Q2,VP_CLOUD_AI,AI_ML_ENG,IC2,US_AUSTIN_DENVER,Reactive_Counter_Offer,Veridian Systems,27.8,1.32,Declined_Lost,Cashflow_Year1_Gap,0.0
OFFER2026287,2026_Q1,VP_INFRA_SRE,SRE_ENG,IC2,US_SEATTLE_NYC,Reactive_Counter_Offer,Aegis Cyber,8.2,1.3,Accepted_Retained,None,344000.0
OFFER2026288,2026_Q1,VP_CLOUD_AI,SW_ENG,IC2,EU_ZURICH_MUNICH,New_Hire_Offer,Hyperion Compute,13.3,1.41,Accepted_Retained,None,0.0
OFFER2026289,2026_Q2,VP_CLOUD_AI,SW_ENG,IC2,UK_LONDON,New_Hire_Offer,Aegis Cyber,13.8,1.02,Accepted_Retained,None,0.0
OFFER2026290,2026_Q3,VP_CLOUD_AI,AI_ML_ENG,IC1,US_AUSTIN_DENVER,Reactive_Counter_Offer,Aegis Cyber,34.5,1.21,Accepted_Retained,None,270000.0
OFFER2026291,2026_Q1,VP_INFRA_SRE,TECH_PROG_MGMT,IC1,US_BAY_AREA,Reactive_Counter_Offer,Aegis Cyber,5.2,1.11,Accepted_Retained,None,340000.0
OFFER2026292,2026_Q3,VP_CLOUD_AI,PROD_MGMT,IC1,EU_ZURICH_MUNICH,New_Hire_Offer,Aegis Cyber,6.7,1.4,Accepted_Retained,None,0.0
OFFER2026293,2026_Q2,VP_ENT_APPS,PROD_MGMT,IC4,US_AUSTIN_DENVER,Reactive_Counter_Offer,Aegis Cyber,7.4,1.36,Accepted_Retained,None,232000.0
OFFER2026294,2026_Q2,VP_SEC_INTEL,SW_ENG,IC2,EU_ZURICH_MUNICH,New_Hire_Offer,FrontierLab AI,7.4,1.27,Accepted_Retained,None,0.0
OFFER2026295,2026_Q3,VP_INFRA_SRE,SRE_ENG,IC3,US_AUSTIN_DENVER,New_Hire_Offer,NovaScale Cloud,8.3,1.31,Accepted_Retained,None,0.0
OFFER2026296,2026_Q3,VP_CLOUD_AI,PROD_MGMT,IC1,EU_ZURICH_MUNICH,Reactive_Counter_Offer,Aegis Cyber,12.4,1.02,Declined_Lost,Cashflow_Year1_Gap,0.0
OFFER2026297,2026_Q1,VP_ENT_APPS,UX_DESIGN,IC1,US_SEATTLE_NYC,New_Hire_Offer,Veridian Systems,9.9,1.23,Accepted_Retained,None,0.0
OFFER2026298,2026_Q2,VP_ENT_APPS,DATA_SCI,IC2,APAC_SINGAPORE_TOKYO,New_Hire_Offer,Veridian Systems,16.5,1.32,Accepted_Retained,None,0.0
OFFER2026299,2026_Q3,VP_CLOUD_AI,PROD_MGMT,IC1,US_BAY_AREA,Reactive_Counter_Offer,NovaScale Cloud,12.4,1.22,Accepted_Retained,None,319000.0
OFFER2026300,2026_Q1,VP_INFRA_SRE,TECH_PROG_MGMT,IC1,US_AUSTIN_DENVER,Reactive_Counter_Offer,FrontierLab AI,16.1,1.23,Declined_Lost,Base_Salary_Cap,0.0
OFFER2026301,2026_Q2,VP_ENT_APPS,UX_DESIGN,IC2,APAC_SINGAPORE_TOKYO,New_Hire_Offer,Veridian Systems,11.7,1.05,Declined_Lost,Level_Up_Offer,0.0
OFFER2026302,2026_Q1,VP_INFRA_SRE,TECH_PROG_MGMT,IC2,US_SEATTLE_NYC,New_Hire_Offer,Veridian Systems,5.1,1.26,Accepted_Retained,None,0.0
OFFER2026303,2026_Q1,VP_ENT_APPS,PROD_MGMT,IC2,APAC_SINGAPORE_TOKYO,Reactive_Counter_Offer,Aegis Cyber,9.0,1.43,Declined_Lost,Base_Salary_Cap,0.0
OFFER2026304,2026_Q3,VP_SEC_INTEL,THREAT_RES,IC3,US_SEATTLE_NYC,New_Hire_Offer,Aegis Cyber,8.0,1.37,Accepted_Retained,None,0.0
OFFER2026305,2026_Q1,VP_CLOUD_AI,PROD_MGMT,IC1,APAC_SINGAPORE_TOKYO,New_Hire_Offer,Aegis Cyber,17.0,1.28,Accepted_Retained,None,0.0
OFFER2026306,2026_Q3,VP_ENT_APPS,SW_ENG,IC2,EU_ZURICH_MUNICH,Reactive_Counter_Offer,Veridian Systems,9.7,1.2,Declined_Lost,Total_Equity_Size,0.0
OFFER2026307,2026_Q1,VP_SEC_INTEL,SW_ENG,IC2,EU_ZURICH_MUNICH,New_Hire_Offer,Hyperion Compute,17.9,1.14,Accepted_Retained,None,0.0
OFFER2026308,2026_Q3,VP_CLOUD_AI,PROD_MGMT,IC3,APAC_SINGAPORE_TOKYO,New_Hire_Offer,Hyperion Compute,6.3,1.21,Accepted_Retained,None,0.0
OFFER2026309,2026_Q3,VP_SEC_INTEL,CYBER_SEC_ENG,IC3,APAC_SINGAPORE_TOKYO,Reactive_Counter_Offer,NovaScale Cloud,18.6,1.22,Accepted_Retained,None,224000.0
OFFER2026310,2026_Q3,VP_SEC_INTEL,THREAT_RES,IC1,US_SEATTLE_NYC,Reactive_Counter_Offer,Veridian Systems,5.2,1.18,Accepted_Retained,None,239000.0
OFFER2026311,2026_Q3,VP_ENT_APPS,UX_DESIGN,IC4,US_AUSTIN_DENVER,Reactive_Counter_Offer,FrontierLab AI,7.9,1.43,Accepted_Retained,None,331000.0
OFFER2026312,2026_Q2,VP_SEC_INTEL,SW_ENG,IC1,UK_LONDON,New_Hire_Offer,Aegis Cyber,8.7,1.12,Accepted_Retained,None,0.0
OFFER2026313,2026_Q3,VP_CLOUD_AI,RESEARCH_SCI,IC1,US_SEATTLE_NYC,New_Hire_Offer,Hyperion Compute,25.0,1.15,Accepted_Retained,None,0.0
OFFER2026314,2026_Q3,VP_CLOUD_AI,RESEARCH_SCI,IC3,US_AUSTIN_DENVER,New_Hire_Offer,Hyperion Compute,19.0,1.02,Declined_Lost,Base_Salary_Cap,0.0
OFFER2026315,2026_Q2,VP_CLOUD_AI,PROD_MGMT,IC1,US_SEATTLE_NYC,New_Hire_Offer,Aegis Cyber,17.1,1.12,Accepted_Retained,None,0.0
OFFER2026316,2026_Q1,VP_SEC_INTEL,SEC_OPS,IC1,US_SEATTLE_NYC,New_Hire_Offer,Veridian Systems,13.6,1.29,Accepted_Retained,None,0.0
OFFER2026317,2026_Q3,VP_SEC_INTEL,CYBER_SEC_ENG,IC3,US_AUSTIN_DENVER,New_Hire_Offer,Hyperion Compute,21.7,1.41,Accepted_Retained,None,0.0
OFFER2026318,2026_Q1,VP_INFRA_SRE,SRE_ENG,IC2,US_AUSTIN_DENVER,New_Hire_Offer,Veridian Systems,8.2,1.12,Accepted_Retained,None,0.0
OFFER2026319,2026_Q3,VP_ENT_APPS,PROD_MGMT,IC3,US_AUSTIN_DENVER,New_Hire_Offer,FrontierLab AI,10.3,1.19,Accepted_Retained,None,0.0
OFFER2026320,2026_Q3,VP_SEC_INTEL,SEC_OPS,IC2,EU_ZURICH_MUNICH,New_Hire_Offer,Aegis Cyber,7.8,1.22,Declined_Lost,Total_Equity_Size,0.0
OFFER2026321,2026_Q1,VP_CLOUD_AI,SW_ENG,IC2,UK_LONDON,New_Hire_Offer,Veridian Systems,14.6,1.25,Accepted_Retained,None,0.0
OFFER2026322,2026_Q2,VP_INFRA_SRE,TECH_PROG_MGMT,IC3,EU_ZURICH_MUNICH,New_Hire_Offer,NovaScale Cloud,12.3,1.15,Accepted_Retained,None,0.0
OFFER2026323,2026_Q3,VP_CLOUD_AI,PROD_MGMT,IC1,EU_ZURICH_MUNICH,New_Hire_Offer,Hyperion Compute,14.4,1.31,Accepted_Retained,None,0.0
OFFER2026324,2026_Q2,VP_INFRA_SRE,SRE_ENG,IC1,EU_ZURICH_MUNICH,Reactive_Counter_Offer,Aegis Cyber,5.4,1.21,Accepted_Retained,None,124000.0
OFFER2026325,2026_Q3,VP_CLOUD_AI,PROD_MGMT,IC1,US_BAY_AREA,New_Hire_Offer,NovaScale Cloud,14.8,1.26,Accepted_Retained,None,0.0
OFFER2026326,2026_Q2,VP_CLOUD_AI,RESEARCH_SCI,IC2,UK_LONDON,Reactive_Counter_Offer,Veridian Systems,18.1,1.01,Accepted_Retained,None,103000.0
OFFER2026327,2026_Q3,VP_INFRA_SRE,TECH_PROG_MGMT,IC1,US_BAY_AREA,Reactive_Counter_Offer,NovaScale Cloud,11.6,1.2,Declined_Lost,Level_Up_Offer,0.0
OFFER2026328,2026_Q2,VP_INFRA_SRE,TECH_PROG_MGMT,IC3,US_AUSTIN_DENVER,New_Hire_Offer,Veridian Systems,14.6,1.2,Accepted_Retained,None,0.0
OFFER2026329,2026_Q1,VP_INFRA_SRE,SW_ENG,IC1,US_SEATTLE_NYC,New_Hire_Offer,Veridian Systems,14.7,1.04,Accepted_Retained,None,0.0
OFFER2026330,2026_Q2,VP_INFRA_SRE,TECH_PROG_MGMT,IC4,EU_ZURICH_MUNICH,New_Hire_Offer,Aegis Cyber,14.1,1.26,Accepted_Retained,None,0.0
OFFER2026331,2026_Q3,VP_INFRA_SRE,SYS_NET_ENG,IC2,US_BAY_AREA,Reactive_Counter_Offer,Hyperion Compute,15.7,1.4,Accepted_Retained,None,337000.0
OFFER2026332,2026_Q2,VP_SEC_INTEL,THREAT_RES,IC2,US_AUSTIN_DENVER,Reactive_Counter_Offer,Aegis Cyber,11.0,1.21,Accepted_Retained,None,148000.0
OFFER2026333,2026_Q2,VP_SEC_INTEL,SW_ENG,IC1,US_BAY_AREA,Reactive_Counter_Offer,Veridian Systems,9.1,1.35,Accepted_Retained,None,94000.0
OFFER2026334,2026_Q2,VP_SEC_INTEL,CYBER_SEC_ENG,IC1,EU_ZURICH_MUNICH,Reactive_Counter_Offer,Veridian Systems,40.1,1.07,Accepted_Retained,None,221000.0
OFFER2026335,2026_Q1,VP_INFRA_SRE,SW_ENG,IC3,APAC_SINGAPORE_TOKYO,Reactive_Counter_Offer,Hyperion Compute,10.7,1.09,Accepted_Retained,None,213000.0
OFFER2026336,2026_Q1,VP_SEC_INTEL,CYBER_SEC_ENG,IC2,APAC_SINGAPORE_TOKYO,Reactive_Counter_Offer,Veridian Systems,37.1,1.38,Accepted_Retained,None,253000.0
OFFER2026337,2026_Q1,VP_SEC_INTEL,SW_ENG,IC4,EU_ZURICH_MUNICH,Reactive_Counter_Offer,FrontierLab AI,12.6,1.06,Accepted_Retained,None,127000.0
OFFER2026338,2026_Q3,VP_ENT_APPS,UX_DESIGN,IC2,US_AUSTIN_DENVER,New_Hire_Offer,Aegis Cyber,8.5,1.36,Accepted_Retained,None,0.0
OFFER2026339,2026_Q3,VP_CLOUD_AI,AI_ML_ENG,IC4,EU_ZURICH_MUNICH,Reactive_Counter_Offer,Veridian Systems,28.6,1.05,Accepted_Retained,None,80000.0
OFFER2026340,2026_Q3,VP_SEC_INTEL,SEC_OPS,IC3,US_BAY_AREA,New_Hire_Offer,FrontierLab AI,13.4,1.02,Accepted_Retained,None,0.0
OFFER2026341,2026_Q2,VP_ENT_APPS,SW_ENG,IC1,US_SEATTLE_NYC,New_Hire_Offer,Veridian Systems,14.5,1.2,Accepted_Retained,None,0.0
OFFER2026342,2026_Q2,VP_INFRA_SRE,SYS_NET_ENG,IC2,APAC_SINGAPORE_TOKYO,New_Hire_Offer,FrontierLab AI,17.0,1.0,Accepted_Retained,None,0.0
OFFER2026343,2026_Q2,VP_SEC_INTEL,CYBER_SEC_ENG,IC3,UK_LONDON,Reactive_Counter_Offer,Aegis Cyber,22.2,1.07,Accepted_Retained,None,260000.0
OFFER2026344,2026_Q3,VP_SEC_INTEL,THREAT_RES,IC2,APAC_SINGAPORE_TOKYO,New_Hire_Offer,Veridian Systems,6.1,1.08,Accepted_Retained,None,0.0
OFFER2026345,2026_Q3,VP_SEC_INTEL,SW_ENG,IC3,EU_ZURICH_MUNICH,New_Hire_Offer,Hyperion Compute,13.5,1.15,Accepted_Retained,None,0.0
OFFER2026346,2026_Q2,VP_INFRA_SRE,TECH_PROG_MGMT,IC2,APAC_SINGAPORE_TOKYO,Reactive_Counter_Offer,Aegis Cyber,14.9,1.17,Accepted_Retained,None,263000.0
OFFER2026347,2026_Q2,VP_ENT_APPS,UX_DESIGN,IC1,US_BAY_AREA,New_Hire_Offer,FrontierLab AI,14.3,1.02,Accepted_Retained,None,0.0
OFFER2026348,2026_Q3,VP_ENT_APPS,SW_ENG,IC3,US_SEATTLE_NYC,New_Hire_Offer,Veridian Systems,16.3,1.36,Accepted_Retained,None,0.0
OFFER2026349,2026_Q2,VP_SEC_INTEL,SEC_OPS,IC2,US_BAY_AREA,Reactive_Counter_Offer,Hyperion Compute,5.1,1.15,Accepted_Retained,None,287000.0
OFFER2026350,2026_Q2,VP_SEC_INTEL,SW_ENG,IC2,US_BAY_AREA,Reactive_Counter_Offer,Veridian Systems,14.4,1.04,Accepted_Retained,None,154000.0
